level,geo_id,split
county,47089,train
county,48133,train
county,22061,train
county,22093,train
county,41059,train
county,42099,train
county,47051,train
county,05035,train
county,13021,train
county,04019,train
county,27165,train
county,37035,train
county,12009,train
county,28047,train
county,51047,train
county,17067,train
county,26033,train
county,32007,train
county,48397,train
county,50001,train
county,54043,train
county,13273,train
county,40127,train
county,28161,train
county,17105,train
county,12069,train
county,31183,train
county,47073,train
county,47001,train
county,20041,train
county,37133,train
county,50007,train
county,48189,train
county,40057,train
county,21099,train
county,38097,train
county,40039,train
county,31073,train
county,32033,train
county,08041,train
county,51097,train
county,31005,train
county,17099,train
county,18073,train
county,31049,train
county,29073,train
county,39113,train
county,45077,train
county,55021,train
county,37021,train
county,12085,train
county,22055,train
county,51193,train
county,51169,train
county,13285,train
county,22071,train
county,48063,train
county,29019,train
county,21143,train
county,31167,train
county,37127,train
county,05083,train
county,51087,train
county,40139,train
county,55131,train
county,17059,train
county,12109,train
county,16019,train
county,08061,train
county,16055,train
county,46047,train
county,26101,train
county,48267,train
county,55027,train
county,21107,train
county,51113,train
county,27055,train
county,53059,train
county,18013,train
county,05011,train
county,36069,train
county,36111,train
county,42067,train
county,48281,train
county,08117,train
county,45013,train
county,40003,train
county,39137,train
county,16071,train
county,12043,train
county,31027,train
county,39013,train
county,12015,train
county,55041,train
county,19083,train
county,35023,train
county,40067,train
county,46055,train
county,54021,train
county,13085,train
county,37109,train
county,27061,train
county,13241,train
county,21203,train
county,27051,train
county,39047,train
county,48079,train
county,45045,train
county,22107,train
county,16077,train
county,31155,train
county,18007,train
county,49031,train
county,01035,train
county,30055,train
county,48393,train
county,29031,train
county,27117,train
county,13223,train
county,13289,train
county,51177,train
county,26151,train
county,18065,train
county,05139,train
county,30111,train
county,13249,train
county,21223,train
county,13299,train
county,16001,train
county,48279,train
county,37039,train
county,24043,train
county,28149,train
county,31127,train
county,46065,train
county,36019,train
county,47037,train
county,06019,train
county,08077,train
county,39131,train
county,47041,train
county,46105,train
county,41051,train
county,33011,train
county,16075,train
county,55111,train
county,47043,train
county,55091,train
county,50021,train
county,40147,train
county,05013,train
county,13067,train
county,27035,train
county,18001,train
county,47127,train
county,41049,train
county,29023,train
county,27015,train
county,50013,train
county,48053,train
county,56037,train
county,17071,train
county,13073,train
county,22043,train
county,17081,train
county,30023,train
county,27113,train
county,31015,train
county,29043,train
county,20095,train
county,28089,train
county,24041,train
county,28163,train
county,18085,train
county,39081,train
county,47161,train
county,55029,train
county,48067,train
county,17057,train
county,37051,train
county,47111,train
county,12093,train
county,12023,train
county,30045,train
county,38079,train
county,06041,train
county,51147,train
county,47019,train
county,05017,train
county,31045,train
county,48421,train
county,19055,train
county,47181,train
county,08101,train
county,21233,train
county,08007,train
county,19057,train
county,39127,train
county,48233,train
county,47075,train
county,01081,train
county,48089,train
county,16011,train
county,13143,train
county,24039,train
county,05077,train
county,13227,train
county,28141,train
county,49027,train
county,13119,train
county,13033,train
county,26161,train
county,48387,train
county,48479,train
county,42043,train
county,48235,train
county,26057,train
county,47085,train
county,27001,train
county,21229,train
county,18175,train
county,27153,train
county,36003,train
county,22049,train
county,20053,train
county,36027,train
county,37125,train
county,23007,train
county,19077,train
county,51045,train
county,06069,train
county,29111,train
county,20013,train
county,05067,train
county,46063,train
county,25011,train
county,21149,train
county,13047,train
county,48207,train
county,45083,train
county,55075,train
county,47117,train
county,30053,train
county,48439,train
county,48243,train
county,55107,train
county,33013,train
county,42007,train
county,37155,train
county,22109,train
county,47135,train
county,20015,train
county,48423,train
county,31065,train
county,05141,train
county,48209,train
county,48365,train
county,36105,train
county,48201,train
county,37087,train
county,54029,train
county,35049,train
county,30109,train
county,51081,train
county,40113,train
county,21047,train
county,01007,train
county,39135,train
county,17045,train
county,31001,train
county,05117,train
county,28107,train
county,48149,train
county,38103,train
county,51127,train
county,18077,train
county,22113,train
county,09001,train
county,37067,train
county,46021,train
county,39115,train
county,01039,train
county,30085,train
county,06105,train
county,20007,train
county,55015,train
county,48215,train
county,48265,train
county,55057,train
county,38069,train
county,48459,train
county,47125,train
county,42089,train
county,48011,train
county,23009,train
county,21187,train
county,29169,train
county,12037,train
county,12067,train
county,29057,train
county,31143,train
county,21193,train
county,27149,train
county,19117,train
county,24035,train
county,56009,train
county,29029,train
county,56041,train
county,18159,train
county,29093,train
county,29186,train
county,22029,train
county,13079,train
county,55129,train
county,05033,train
county,51071,train
county,20059,train
county,21049,train
county,13225,train
county,09013,train
county,08047,train
county,48017,train
county,06047,train
county,51131,train
county,51157,train
county,27053,train
county,27073,train
county,51143,train
county,05103,train
county,12129,train
county,54079,train
county,26097,train
county,05087,train
county,05105,train
county,05075,train
county,48289,train
county,13147,train
county,55025,train
county,31179,train
county,37091,train
county,13279,train
county,13281,train
county,47165,train
county,36103,train
county,56029,train
county,49015,train
county,36045,train
county,18043,train
county,20055,train
county,36119,train
county,48419,train
county,37031,train
county,04007,train
county,16087,train
county,37011,train
county,31185,train
county,18021,train
county,35053,train
county,26111,train
county,26005,train
county,51111,train
county,19109,train
county,05039,train
county,40033,train
county,48241,train
county,55059,train
county,25017,train
county,36113,train
county,20093,train
county,37181,train
county,31169,train
county,42035,train
county,56013,train
county,27089,train
county,27171,train
county,55085,train
county,40105,train
county,51175,train
county,08119,train
county,17197,train
county,16005,train
county,01059,train
county,32023,train
county,48157,train
county,26051,train
county,40007,train
county,39091,train
county,39097,train
county,31061,train
county,31057,train
county,54025,train
county,01031,train
county,05055,train
county,42017,train
county,46117,train
county,36059,train
county,42097,train
county,41041,train
county,47189,train
county,26069,train
county,21101,train
county,23027,train
county,48003,train
county,20187,train
county,05145,train
county,09011,train
county,24045,train
county,32017,train
county,09015,train
county,22119,train
county,37121,train
county,48021,train
county,55113,train
county,21091,train
county,29055,train
county,35057,train
county,32001,train
county,42125,train
county,12061,train
county,48249,train
county,56023,train
county,30097,train
county,48271,train
county,37119,train
county,16033,train
county,53019,train
county,28053,train
county,48023,train
county,55069,train
county,18137,train
county,20029,train
county,37167,train
county,12095,train
county,31147,train
county,20141,train
county,27127,train
county,56027,train
county,08039,train
county,19041,train
county,30067,train
county,44009,train
county,13063,train
county,17163,train
county,13199,train
county,46093,train
county,26129,train
county,06001,train
county,13055,train
county,28023,train
county,54067,train
county,08035,train
county,29161,train
county,54105,train
county,21151,train
county,36051,train
county,48231,train
county,27059,train
county,48197,train
county,19101,train
county,39007,train
county,53035,train
county,31181,train
county,29015,train
county,22017,train
county,28147,train
county,30099,train
county,16051,train
county,25025,train
county,01053,train
county,29047,train
county,42025,train
county,19123,train
county,17043,train
county,31099,train
county,27139,train
county,45019,train
county,08001,train
county,08033,train
county,31063,train
county,18027,train
county,19023,train
county,48131,train
county,39001,train
county,05101,train
county,12121,train
county,26147,train
county,55031,train
county,48301,train
county,29215,train
county,08123,train
county,23011,train
county,54097,train
county,12007,train
county,16067,train
county,47017,train
county,18163,train
county,18139,train
county,33001,train
county,51085,train
county,16037,train
county,13221,train
county,41071,train
county,26045,train
county,21111,train
county,29063,train
county,18017,train
county,05059,train
county,48465,train
county,29183,train
county,21175,train
county,19179,train
county,19039,train
county,21213,train
county,48013,train
county,17083,train
county,19043,train
county,40097,train
county,53015,train
county,17121,train
county,17171,train
county,19195,train
county,53073,train
county,19037,train
county,41067,train
county,54075,train
county,20103,train
county,19061,train
county,48195,train
county,40061,train
county,42095,train
county,19033,train
county,48461,train
county,21217,train
county,29107,train
county,41031,train
county,12117,train
county,20027,train
county,13247,train
county,27019,train
county,17101,train
county,04021,train
county,45067,train
county,32029,train
county,47045,train
county,26157,train
county,39161,train
county,06029,train
county,48297,train
county,27013,train
county,48033,train
county,08065,train
county,48333,train
county,31113,train
county,12086,train
county,54083,train
county,36025,train
county,48163,train
county,19121,train
county,48085,train
county,20149,train
county,21077,train
county,42031,train
county,36011,train
county,13253,train
county,17131,train
county,48285,train
county,36013,train
county,20189,train
county,26065,train
county,40151,train
county,26017,train
county,06065,train
county,26107,train
county,44003,train
county,29129,train
county,48175,train
county,27141,train
county,31103,train
county,22059,train
county,21195,train
county,30031,train
county,35028,train
county,55063,train
county,08073,train
county,20083,train
county,48181,train
county,26023,train
county,22115,train
county,12119,train
county,06077,train
county,40059,train
county,21113,train
county,35059,train
county,16009,train
county,26025,train
county,39133,train
county,35015,train
county,31035,train
county,20077,train
county,19065,train
county,19119,train
county,20121,train
county,06093,train
county,21227,train
county,48041,train
county,26061,train
county,45055,train
county,26135,train
county,13291,train
county,46049,train
county,01051,train
county,21159,train
county,48081,train
county,40071,train
county,49001,train
county,23019,train
county,05125,train
county,48247,train
county,19191,train
county,20047,train
county,22003,train
county,26089,train
county,27123,train
county,01069,train
county,30089,train
county,12111,train
county,48139,train
county,13315,train
county,19103,train
county,01043,train
county,18115,train
county,36029,train
county,51077,train
county,46075,train
county,26067,train
county,41023,train
county,28133,train
county,48325,train
county,30059,train
county,20003,train
county,20165,train
county,30015,train
county,46039,train
county,39111,train
county,17181,train
county,18079,train
county,31149,train
county,20135,train
county,48411,train
county,29197,train
county,32011,train
county,17075,train
county,39019,train
county,06061,train
county,17091,train
county,51159,train
county,18025,train
county,30047,train
county,53047,train
county,21017,train
county,29051,train
county,56043,train
county,42091,train
county,28155,train
county,36091,train
county,26063,train
county,32013,train
county,51033,train
county,40085,train
county,28013,train
county,01063,train
county,37009,train
county,48129,train
county,01033,train
county,13269,train
county,17119,train
county,38087,train
county,17005,train
county,26049,train
county,38063,train
county,31111,train
county,48453,train
county,31121,train
county,53049,train
county,30025,train
county,48399,train
county,17011,train
county,13297,train
county,29013,train
county,28135,train
county,26041,train
county,49035,train
county,51099,train
county,27027,train
county,31137,train
county,21053,train
county,17129,train
county,21031,train
county,29017,train
county,20207,train
county,13061,train
county,48311,train
county,24029,train
county,29001,train
county,25023,train
county,26085,train
county,28019,train
county,42047,train
county,37183,train
county,12031,train
county,48409,train
county,53039,train
county,40107,train
county,26123,train
county,35006,train
county,36089,train
county,38029,train
county,21023,train
county,13123,train
county,12033,train
county,26007,train
county,37179,train
county,12049,train
county,51036,train
county,48151,train
county,36021,train
county,13003,train
county,06071,train
county,19159,train
county,48499,train
county,21043,train
county,28021,train
county,18183,train
county,46081,train
county,17065,train
county,08015,train
county,41053,train
county,51003,train
county,31163,train
county,42029,train
county,31079,train
county,38075,train
county,24003,train
county,26027,train
county,16081,train
county,39175,train
county,48475,train
county,48319,train
county,36065,train
county,48145,train
county,17019,train
county,24015,train
county,42123,train
county,28085,train
county,42119,train
county,40045,train
county,04012,train
county,55047,train
county,48087,train
county,29205,train
county,51009,train
county,22065,train
county,12001,train
county,19035,train
county,08105,train
county,32015,train
county,24047,train
county,51067,train
county,16035,train
county,27167,train
county,55097,train
county,48039,train
county,39023,train
county,37075,train
county,18165,train
county,26031,train
county,19069,train
county,49007,train
county,54059,train
county,08095,train
county,20091,train
county,24019,train
county,37115,train
county,29195,train
county,31141,train
county,31107,train
county,01009,train
county,18075,train
county,20183,train
county,29045,train
county,28065,train
county,54035,train
county,40093,train
county,51011,train
county,13295,train
county,40029,train
county,48505,train
county,28113,train
county,40101,train
county,37131,train
county,53033,train
county,20161,train
county,37023,train
county,22023,train
county,42003,train
county,21121,train
county,40095,train
county,27109,train
county,48383,train
county,53063,train
county,06043,train
county,55049,train
county,29101,train
county,47155,train
county,01103,train
county,28059,train
county,13189,train
county,40121,train
county,01095,train
county,49045,train
county,13197,train
county,21125,train
county,54087,train
county,13129,train
county,08083,train
county,13159,train
county,18005,train
county,48245,train
county,54023,train
county,45059,train
county,31007,train
county,31123,train
county,29143,train
county,01097,train
county,50003,train
county,29091,train
county,35011,train
county,19183,train
county,40111,train
county,55067,train
county,47151,train
county,35061,train
county,37053,train
county,19095,train
county,48425,train
county,54051,train
county,13107,train
county,05129,train
county,22089,train
county,36035,train
county,05071,train
county,48491,train
county,51141,train
county,48203,train
county,22105,train
county,51051,train
county,48307,train
county,47047,train
county,17147,train
county,39085,train
county,37047,train
county,17111,train
county,51155,train
county,19143,train
county,31153,train
county,13105,train
county,37191,train
county,36063,train
county,37177,train
county,20131,train
county,49019,train
county,27029,train
county,01077,train
county,31095,train
county,21183,train
county,21055,train
county,29009,train
county,16047,train
county,40023,train
county,40115,train
county,38049,train
county,38019,train
county,48183,train
county,28145,train
county,48299,train
county,19189,train
county,28097,train
county,38089,train
county,27091,train
county,22005,train
county,21237,train
county,06031,train
county,26137,train
county,29085,train
county,28069,train
county,48343,train
county,26059,train
county,01057,train
county,17031,train
county,16059,train
county,53061,train
county,42111,train
county,51075,train
county,20043,train
county,42079,train
county,23023,train
county,29099,train
county,13077,train
county,18053,train
county,45063,train
county,45023,train
county,50027,train
county,56017,train
county,42055,train
county,29185,train
county,46041,train
county,13051,train
county,47057,train
county,37093,train
county,37151,train
county,22081,train
county,37171,train
county,48287,train
county,55083,train
county,48431,train
county,19171,train
county,10005,train
county,21235,train
county,21051,train
county,31139,train
county,55005,train
county,08107,train
county,05113,train
county,37079,train
county,37083,train
county,24021,train
county,05099,train
county,32021,train
county,13267,train
county,26117,train
county,37003,train
county,33005,train
county,09005,train
county,12113,train
county,29037,train
county,26047,train
county,48463,train
county,28045,train
county,26093,train
county,39035,train
county,01121,train
county,31157,train
county,22101,train
county,20167,train
county,05069,train
county,54005,train
county,20017,train
county,16031,train
county,38071,train
county,19049,train
county,29021,train
county,20119,train
county,17017,train
county,35035,train
county,42015,train
county,49043,train
county,16049,train
county,29199,train
county,48335,train
county,18047,train
county,39005,train
county,17021,train
county,54015,train
county,38031,train
county,48369,train
county,21019,train
county,30057,train
county,48353,train
county,37149,train
county,48391,train
county,48047,train
county,13321,train
county,37089,train
county,20153,train
county,47065,train
county,06059,train
county,31101,train
county,28025,train
county,37033,train
county,47095,train
county,08011,train
county,17199,train
county,39083,train
county,55105,train
county,51093,train
county,13117,train
county,53043,train
county,45065,train
county,38035,train
county,47077,train
county,54081,train
county,05137,train
county,36023,train
county,06087,train
county,26163,train
county,31097,train
county,26087,train
county,16021,train
county,40063,train
county,16057,train
county,13217,train
county,22035,train
county,23003,train
county,46025,train
county,21165,train
county,51117,train
county,48031,train
county,55101,train
county,13083,train
county,27163,train
county,31161,train
county,09009,train
county,17203,train
county,48379,train
county,19081,train
county,37085,train
county,40131,train
county,06017,train
county,47105,train
county,26039,train
county,38073,train
county,55051,train
county,48451,train
county,22057,train
county,37041,train
county,17041,train
county,29033,train
county,48199,train
county,47067,train
county,19165,train
county,45009,train
county,28151,train
county,18101,train
county,06091,train
county,39103,train
county,22067,train
county,54027,train
county,26103,train
county,13025,train
county,27103,train
county,49047,train
county,13017,train
county,17047,train
county,37049,train
county,26029,train
county,41035,train
county,12019,train
county,54069,train
county,13303,train
county,51105,train
county,53007,train
county,01003,train
county,25019,train
county,51021,train
county,17069,train
county,37123,train
county,45029,train
county,48205,train
county,46099,train
county,46079,train
county,31025,train
county,20045,train
county,55061,train
county,31075,train
county,30081,train
county,20171,train
county,48007,train
county,21169,train
county,48239,train
county,45021,train
county,51101,train
county,20051,train
county,21177,train
county,13141,train
county,05149,train
county,19021,train
county,28055,train
county,16079,train
county,47055,train
county,37105,train
county,36015,train
county,38095,train
county,39149,train
county,51115,train
county,19031,train
county,54003,train
county,21097,train
county,39003,train
county,42023,train
county,45057,train
county,48253,train
county,48123,train
county,35051,train
county,27125,train
county,51029,train
county,22031,train
county,31081,train
county,21059,train
county,45069,train
county,28009,train
county,08014,train
county,39093,train
county,12051,train
county,51199,train
county,17133,train
county,42127,train
county,25013,train
county,12063,train
county,26143,train
county,53075,train
county,05097,train
county,28111,train
county,20117,train
county,39071,train
county,17035,train
county,40089,train
county,37111,train
county,30093,train
county,38057,train
county,24025,train
county,19097,train
county,42045,train
county,42063,train
county,20037,train
county,21117,train
county,20097,train
county,28127,train
county,48389,train
county,46115,train
county,28039,train
county,29145,train
county,37195,train
county,47003,train
county,12101,train
county,37043,train
county,01089,train
county,21015,train
county,47027,train
county,17143,train
county,18069,train
county,36075,train
county,27017,train
county,20201,train
county,48469,train
county,05005,train
county,28157,train
county,29133,train
county,17073,train
county,47053,train
county,08053,train
county,42027,train
county,29027,train
county,39145,train
county,48349,train
county,38005,train
county,21207,train
county,01041,train
county,04001,train
county,30061,train
county,29115,train
county,48193,train
county,55033,train
county,48045,train
county,37175,train
county,39117,train
county,47137,train
county,27025,train
county,35043,train
county,29103,train
county,51103,train
county,48381,train
county,27131,train
county,40013,train
county,39095,train
county,54007,train
county,18083,train
county,42021,train
county,38105,train
county,47063,train
county,39041,train
county,27105,train
county,40011,train
county,13013,train
county,20009,train
county,55073,train
county,20133,train
county,20049,train
county,37129,train
county,17077,train
county,18009,train
county,38059,train
county,16045,train
county,30079,train
county,18129,train
county,17183,train
county,20137,train
county,51179,train
county,08087,train
county,17193,train
county,46103,train
county,48155,train
county,19007,train
county,18141,train
county,46121,train
county,45075,train
county,45027,train
county,36009,train
county,37077,train
county,08043,train
county,08069,train
county,17109,train
county,18067,train
county,05095,train
county,30107,train
county,46107,train
county,13237,train
county,18033,train
county,22073,train
county,48113,train
county,31125,train
county,38015,train
county,21027,train
county,31067,train
county,30101,train
county,41039,train
county,30001,train
county,39033,train
county,08089,train
county,29119,train
county,19133,train
county,48263,train
county,41027,train
county,29149,train
county,18011,train
county,56015,train
county,48275,train
county,08037,train
county,38039,train
county,05003,train
county,46127,train
county,47101,train
county,18105,train
county,21037,train
county,36093,train
county,19093,train
county,31091,train
county,31043,train
county,35025,train
county,19075,train
county,54031,train
county,27115,train
county,12131,train
county,13239,train
county,50009,train
county,46015,train
county,13053,train
county,46051,train
county,20031,train
county,19135,train
county,18135,train
county,13201,train
county,51125,train
county,38101,train
county,20179,train
county,30033,train
county,40075,train
county,17097,train
county,06049,train
county,18133,train
county,08103,train
county,05001,train
county,31011,train
county,21139,train
county,21197,train
county,54061,train
county,13005,train
county,06027,train
county,06103,train
county,22051,train
county,05041,train
county,40019,train
county,36079,train
county,13103,train
county,47005,train
county,47029,train
county,51061,train
county,48357,train
county,27107,train
county,21001,train
county,54093,train
county,12029,train
county,13317,train
county,12083,train
county,22125,train
county,23029,train
county,48119,train
county,29039,train
county,40153,train
county,36007,train
county,48169,train
county,48395,train
county,48025,train
county,27159,train
county,28003,train
county,40047,train
county,26055,train
county,28099,train
county,06035,train
county,37153,train
county,26021,train
county,08029,train
county,47007,train
county,28071,train
county,13307,train
county,51119,train
county,06003,train
county,55013,train
county,40041,train
county,18147,train
county,12099,train
county,16061,train
county,48495,train
county,21033,train
county,48355,train
county,31131,train
county,21129,train
county,05063,train
county,29131,train
county,13093,train
county,40043,train
county,29097,train
county,41009,train
county,48413,train
county,40009,train
county,41069,train
county,54011,train
county,35017,train
county,36031,train
county,32031,train
county,13319,train
county,40081,train
county,29117,train
county,18167,train
county,24011,train
county,55023,train
county,49041,train
county,48467,train
county,13059,train
county,05121,train
county,37029,train
county,12039,train
county,18177,train
county,47031,train
county,04003,train
county,01001,train
county,22045,train
county,27101,train
county,47175,train
county,54019,train
county,20067,train
county,36047,train
county,27129,train
county,37061,train
county,13255,train
county,28073,train
county,48405,train
county,48487,train
county,48177,train
county,16065,train
county,48437,train
county,47119,train
county,39167,train
county,01073,train
county,47141,train
county,45087,train
county,54065,train
county,13097,train
county,51181,train
county,21071,train
county,35041,train
county,39049,train
county,38033,train
county,21073,train
county,22091,train
county,21155,train
county,26139,train
county,08031,train
county,21215,train
county,46069,train
county,28077,train
county,27099,train
county,28081,train
county,16069,train
county,38099,train
county,32005,train
county,47153,train
county,24031,train
county,53055,train
county,31059,train
county,21239,train
county,01047,train
county,13031,train
county,50023,train
county,51005,train
county,30043,train
county,27057,train
county,31089,train
county,13313,train
county,46019,train
county,38061,train
county,13111,train
county,13191,train
county,13161,train
county,18087,train
county,28125,train
county,39079,train
county,17195,train
county,36073,train
county,17103,train
county,42059,train
county,55037,train
county,27169,train
county,48107,train
county,17161,train
county,42005,train
county,12133,train
county,53037,train
county,29177,train
county,35047,train
county,20099,train
county,21081,train
county,31041,train
county,51107,train
county,13109,train
county,26155,train
county,05091,train
county,13181,train
county,46009,train
county,05143,train
county,13045,train
county,37185,train
county,05119,train
county,39153,train
county,36117,train
county,18107,train
county,01101,train
county,46003,train
county,30019,train
county,53025,train
county,20139,train
county,55117,train
county,17087,train
county,54095,train
county,40117,train
county,48363,train
county,20157,train
county,31159,train
county,48111,train
county,28131,train
county,54057,train
county,19079,train
county,21083,train
county,26145,train
county,04005,train
county,47179,train
county,01133,train
county,26075,train
county,37197,train
county,51091,train
county,18127,train
county,28117,train
county,55045,train
county,27145,train
county,39029,train
county,27077,train
county,13151,train
county,18121,train
county,47099,train
county,54103,train
county,06037,train
county,18099,train
county,55135,train
county,55089,train
county,06025,train
county,35031,train
county,06057,train
county,28027,train
county,40099,train
county,30105,train
county,21041,train
county,18111,train
county,39045,train
county,22015,train
county,39063,train
county,45037,train
county,51037,train
county,48501,train
county,40091,train
county,55053,train
county,22085,train
county,21039,train
county,40123,train
county,47091,train
county,17145,train
county,47097,train
county,20079,train
county,48449,train
county,42133,train
county,48457,train
county,56045,train
county,55043,train
county,36043,train
county,42103,train
county,17089,train
county,06055,train
county,48027,train
county,05009,train
county,42019,train
county,20069,train
county,19015,train
county,36037,train
county,20063,train
county,13163,train
county,31175,train
county,46033,train
county,46031,train
county,31117,train
county,05049,train
county,06039,train
county,42081,train
county,41003,train
county,20193,train
county,48257,train
county,01037,train
county,37161,train
county,19005,train
county,18051,train
county,54013,train
county,05081,train
county,29113,train
county,19167,train
county,19019,train
county,29081,train
county,30037,train
county,48251,train
county,45003,train
county,08067,train
county,28137,train
county,55011,train
county,47145,train
county,20181,train
county,41063,train
county,56039,train
county,48117,train
county,48277,train
county,45081,train
county,48171,train
county,27157,train
county,27085,train
county,56011,train
county,29049,train
county,26159,train
county,17007,train
county,12105,train
county,51065,train
county,29139,train
county,01091,train
county,36095,train
county,19105,train
county,47009,train
county,25003,train
county,51183,train
county,51053,train
county,36041,train
county,53057,train
county,21161,train
county,08005,train
county,30077,train
county,30049,train
county,48101,train
county,19091,train
county,17201,train
county,31177,train
county,53045,train
county,29089,train
county,46005,train
county,13205,train
county,40133,train
county,21147,train
county,45051,train
county,51059,train
county,17029,train
county,42041,train
county,40077,train
county,41029,train
county,17115,train
county,39099,train
county,13049,train
county,08051,train
county,17127,train
county,12125,train
county,46017,train
county,18157,train
county,45033,train
county,46109,train
county,13235,train
county,30095,train
county,21179,train
county,18125,train
county,49051,train
county,38065,train
county,48473,train
county,51810,train
county,37199,train
county,19187,train
county,40037,train
county,17159,train
county,13101,train
county,24033,train
county,27075,train
county,45053,train
county,21123,train
county,20087,train
county,28015,train
county,48137,train
county,51550,train
county,06083,train
county,13195,train
county,40137,train
county,06073,train
county,01065,train
county,54049,train
county,20125,train
county,53053,train
county,29227,train
county,48269,train
county,05053,train
county,27119,train
county,22069,train
county,17123,train
county,29229,train
county,13257,train
county,48283,train
county,21231,train
county,40087,train
county,36033,train
county,28153,train
county,50015,train
county,22025,train
county,41061,train
county,13131,train
county,24027,train
county,31151,train
county,49049,train
county,55077,train
county,05131,train
county,08079,train
county,50025,train
county,29147,train
county,18039,train
county,22041,train
county,38001,train
county,42083,train
county,17141,train
county,13081,train
county,18119,train
county,20169,train
county,41057,train
county,26109,train
county,48083,train
county,19193,train
county,48227,train
county,05025,train
county,13261,train
county,51027,train
county,23031,train
county,51137,train
county,21185,train
county,56031,train
county,49005,train
county,01021,train
county,31009,train
county,47015,train
county,21003,train
county,40109,train
county,48433,train
county,48065,train
county,21131,train
county,42051,train
county,54077,train
county,48223,train
county,37081,train
county,19087,train
county,53029,train
county,18029,train
county,39087,train
county,17165,train
county,18169,train
county,17023,train
county,48159,train
county,21157,train
county,32009,train
county,13125,train
county,17055,train
county,18149,train
county,17135,train
county,41025,train
county,01025,train
county,05051,train
county,04015,train
county,20057,train
county,31019,train
county,18063,train
county,17187,train
county,42001,train
county,39053,train
county,05043,train
county,01113,train
county,29011,train
county,47039,train
county,19029,train
county,13015,train
county,37141,train
county,05123,train
county,51073,train
county,39105,train
county,23001,train
county,31145,train
county,38013,train
county,19073,train
county,54091,train
county,20025,train
county,40051,train
county,22075,train
county,19063,train
county,01061,train
county,38009,train
county,42073,train
county,20005,train
county,45031,train
county,37037,train
county,13165,train
county,29077,train
county,22117,train
county,19139,train
county,13137,train
county,12097,train
county,48153,train
county,06023,train
county,39173,train
county,31173,train
county,42105,train
county,21075,train
county,48385,train
county,37187,train
county,38067,train
county,51095,train
county,19045,train
county,28083,train
county,47013,train
county,21209,train
county,27067,train
county,28051,train
county,01017,train
county,48097,train
county,47157,train
county,37107,train
county,39141,train
county,39017,train
county,22097,train
county,30091,train
county,39043,train
county,39155,train
county,22063,train
county,40017,train
county,21199,train
county,37169,train
county,38003,train
county,05107,train
county,48213,train
county,24017,train
county,05089,train
county,37163,train
county,06111,train
county,39075,train
county,08085,train
county,08025,train
county,09007,train
county,28109,train
county,36001,train
county,39009,train
county,04025,train
county,23017,train
county,39119,train
county,49029,train
county,06107,train
county,08003,train
county,12055,train
county,23025,train
county,36099,train
county,05109,train
county,51063,train
county,39101,train
county,26127,train
county,39143,train
county,06115,train
county,37101,train
county,48069,train
county,39109,train
county,48043,train
county,39089,train
county,55095,train
county,54085,train
county,51019,train
county,48485,train
county,47133,train
county,37159,train
county,21005,validation
county,01013,validation
county,48337,validation
county,47143,validation
county,31083,validation
county,51197,validation
county,12081,validation
county,54099,validation
county,16073,validation
county,54017,validation
county,46045,validation
county,21009,validation
county,18113,validation
county,48035,validation
county,21025,validation
county,48057,validation
county,42115,validation
county,27121,validation
county,40149,validation
county,39169,validation
county,19013,validation
county,31077,validation
county,26009,validation
county,53009,validation
county,20061,validation
county,55093,validation
county,18171,validation
county,13099,validation
county,06079,validation
county,36109,validation
county,08093,validation
county,06081,validation
county,01125,validation
county,29153,validation
county,18023,validation
county,36107,validation
county,13155,validation
county,41065,validation
county,08045,validation
county,21029,validation
county,37193,validation
county,08013,validation
county,29005,validation
county,47025,validation
county,56005,validation
county,25021,validation
county,19149,validation
county,21007,validation
county,42057,validation
county,12057,validation
county,17113,validation
county,26019,validation
county,46095,validation
county,28043,validation
county,27111,validation
county,53001,validation
county,47011,validation
county,17061,validation
county,48261,validation
county,48339,validation
county,48095,validation
county,12021,validation
county,01111,validation
county,20199,validation
county,36061,validation
county,01129,validation
county,49011,validation
county,19047,validation
county,55001,validation
county,13009,validation
county,50011,validation
county,40079,validation
county,27043,validation
county,39065,validation
county,51007,validation
county,13243,validation
county,26079,validation
county,51135,validation
county,46007,validation
county,21065,validation
county,17179,validation
county,12079,validation
county,26001,validation
county,46101,validation
county,08027,validation
county,53065,validation
county,19051,validation
county,48015,validation
county,16007,validation
county,12107,validation
county,28095,validation
county,12005,validation
county,40145,validation
county,39157,validation
county,49055,validation
county,13133,validation
county,06089,validation
county,46059,validation
county,18143,validation
county,39051,validation
county,21141,validation
county,46083,validation
county,39069,validation
county,46073,validation
county,51171,validation
county,47149,validation
county,46053,validation
county,27045,validation
county,06015,validation
county,20109,validation
county,49033,validation
county,05031,validation
county,18045,validation
county,29135,validation
county,48179,validation
county,35027,validation
county,13057,validation
county,26077,validation
county,36049,validation
county,48185,validation
county,28035,validation
county,31171,validation
county,12059,validation
county,45073,validation
county,26153,validation
county,17155,validation
county,19155,validation
county,21089,validation
county,45049,validation
county,41055,validation
county,16013,validation
county,51069,validation
county,01067,validation
county,20177,validation
county,42077,validation
county,48009,validation
county,08055,validation
county,13231,validation
county,08021,validation
county,28103,validation
county,48121,validation
county,13229,validation
county,29067,validation
county,40119,validation
county,12041,validation
county,28011,validation
county,55078,validation
county,24001,validation
county,20203,validation
county,17063,validation
county,17157,validation
county,27095,validation
county,21127,validation
county,40001,validation
county,01019,validation
county,37005,validation
county,08019,validation
county,26083,validation
county,42011,validation
county,46067,validation
county,08009,validation
county,54039,validation
county,21035,validation
county,20173,validation
county,39061,validation
county,38011,validation
county,31119,validation
county,53011,validation
county,36101,validation
county,53023,validation
county,41011,validation
county,29065,validation
county,47023,validation
county,20155,validation
county,42117,validation
county,45043,validation
county,13209,validation
county,27133,validation
county,28121,validation
county,50017,validation
county,27033,validation
county,17051,validation
county,48273,validation
county,22111,validation
county,47163,validation
county,26149,validation
county,31105,validation
county,37059,validation
county,20163,validation
county,18071,validation
county,12045,validation
county,36123,validation
county,37001,validation
county,47169,validation
county,37069,validation
county,13115,validation
county,06113,validation
county,55099,validation
county,13029,validation
county,48141,validation
county,20107,validation
county,49057,validation
county,13245,validation
county,44001,validation
county,53077,validation
county,20089,validation
county,21087,validation
county,25009,validation
county,13011,validation
county,27137,validation
county,54053,validation
county,18037,validation
county,05021,validation
county,51043,validation
county,48255,validation
county,13233,validation
county,51187,validation
county,29075,validation
county,05045,validation
county,17139,validation
county,26073,validation
county,19127,validation
county,04011,validation
county,25027,validation
county,56021,validation
county,29071,validation
county,13135,validation
county,18091,validation
county,17191,validation
county,18049,validation
county,47121,validation
county,18181,validation
county,19141,validation
county,23005,validation
county,37139,validation
county,29087,validation
county,30083,validation
county,20113,validation
county,31029,validation
county,06101,validation
county,40053,validation
county,22127,validation
county,45035,validation
county,01087,validation
county,55003,validation
county,28139,validation
county,05079,validation
county,41017,validation
county,40129,validation
county,31133,validation
county,20185,validation
county,06045,validation
county,45061,validation
county,47139,validation
county,29207,validation
county,05019,validation
county,37017,validation
county,53051,validation
county,01093,validation
county,21109,validation
county,55035,validation
county,04013,validation
county,38021,validation
county,36057,validation
county,37057,validation
county,38093,validation
county,04009,validation
county,39163,validation
county,29223,validation
county,51149,validation
county,31021,validation
county,47069,validation
county,17107,validation
county,54107,validation
county,28031,validation
county,29151,validation
county,37013,validation
county,06095,validation
county,27071,validation
county,22007,validation
county,26115,validation
county,22121,validation
county,20205,validation
county,48345,validation
county,46085,validation
county,17137,validation
county,29187,validation
county,48329,validation
county,12077,validation
county,13305,validation
county,13027,validation
county,13179,validation
county,37073,validation
county,35029,validation
county,40015,validation
county,29035,validation
county,13039,validation
county,50019,validation
county,48143,validation
county,29069,validation
county,46137,validation
county,29123,validation
county,13035,validation
county,05093,validation
county,46077,validation
county,48001,validation
county,47167,validation
county,21137,validation
county,39027,validation
county,47093,validation
county,41045,validation
county,19067,validation
county,51139,validation
county,37117,validation
county,48061,validation
county,46091,validation
county,47103,validation
county,13171,validation
county,19089,validation
county,17153,validation
county,08099,validation
county,21225,validation
county,20035,validation
county,05029,validation
county,21163,validation
county,22001,validation
county,37189,validation
county,31051,validation
county,22079,validation
county,48441,validation
county,40143,validation
county,41005,validation
county,48073,validation
county,38037,validation
county,49037,validation
county,19131,validation
county,48497,validation
county,48191,validation
county,20111,validation
county,31033,validation
county,18041,validation
county,05115,validation
county,48161,validation
county,27049,validation
county,22099,validation
county,22037,validation
county,05057,validation
county,55137,validation
county,30069,validation
county,36055,validation
county,19011,validation
county,20191,validation
county,38053,validation
county,48401,validation
county,51161,validation
county,42069,validation
county,28129,validation
county,22009,validation
county,20145,validation
county,53031,validation
county,40005,validation
county,27039,validation
county,55123,validation
county,01015,validation
county,29157,validation
county,27069,validation
county,48109,validation
county,31085,validation
county,30009,validation
county,16017,validation
county,42033,validation
county,35007,validation
county,13183,validation
county,20147,validation
county,48313,validation
county,20123,validation
county,17085,validation
county,17049,validation
county,48091,validation
county,19125,validation
county,55079,validation
county,29181,validation
county,29079,validation
county,19175,validation
county,48447,validation
county,12089,validation
county,01045,validation
county,37019,validation
county,08075,validation
county,36083,validation
county,27003,validation
county,01005,validation
county,45005,validation
county,30003,validation
county,47159,validation
county,55087,validation
county,53017,validation
county,45047,validation
county,46023,validation
county,47083,validation
county,31071,validation
county,17001,validation
county,26125,validation
county,08049,validation
county,47061,validation
county,27087,validation
county,13311,validation
county,01071,validation
county,48303,validation
county,48051,validation
county,49017,validation
county,37095,validation
county,26131,validation
county,13187,validation
county,39073,validation
county,53069,validation
county,42129,validation
county,37071,validation
county,06075,validation
county,36081,validation
county,01115,validation
county,18161,validation
county,54033,validation
county,51031,validation
county,33009,validation
county,27031,validation
county,30063,validation
county,08017,validation
county,42101,validation
county,17177,validation
county,13263,validation
county,46087,validation
county,04023,validation
county,47035,validation
county,49053,validation
county,46035,validation
county,39151,validation
county,17027,validation
county,21221,validation
county,01107,validation
county,13069,validation
county,17033,validation
county,29221,validation
county,21095,validation
county,46061,validation
county,48225,validation
county,56007,validation
county,18089,validation
county,20209,validation
county,08115,validation
county,38085,validation
county,08081,validation
county,21211,validation
county,20143,validation
county,48445,validation
county,51153,validation
county,39147,validation
county,40027,validation
county,47071,validation
county,28119,validation
county,48317,validation
county,35055,validation
county,51173,validation
county,30013,validation
county,13037,validation
county,48099,validation
county,28087,validation
county,39057,validation
county,08057,validation
county,19163,validation
county,05061,validation
county,01049,validation
county,46125,validation
county,31053,validation
county,16053,validation
county,22039,validation
county,49021,validation
county,29155,validation
county,31039,validation
county,31047,validation
county,37063,validation
county,55039,validation
county,26141,validation
county,47123,validation
county,48229,validation
county,29053,validation
county,28075,validation
county,48427,validation
county,30017,validation
county,19027,validation
county,38007,validation
county,35045,validation
county,18155,validation
county,13309,validation
county,37007,validation
county,48359,validation
county,42121,validation
county,13145,validation
county,18103,validation
county,22019,validation
county,53041,validation
county,46013,validation
county,24023,validation
county,48125,validation
county,22053,validation
county,19181,validation
county,48127,validation
county,55071,validation
county,40141,validation
county,48455,validation
county,18153,validation
county,48165,validation
county,23015,validation
county,31055,validation
county,29061,validation
county,20127,validation
county,06099,validation
county,45025,validation
county,48371,validation
county,28007,validation
county,19147,validation
county,44005,validation
county,12047,validation
county,51001,validation
county,13175,validation
county,29095,validation
county,29059,validation
county,01029,validation
county,55081,validation
county,32510,validation
county,01055,validation
county,39077,validation
county,28123,validation
county,38091,validation
county,29025,validation
county,23021,validation
county,55139,validation
county,39055,validation
county,28105,validation
county,28057,validation
county,47183,validation
county,13071,validation
county,20019,validation
county,22021,validation
county,06085,validation
county,01123,validation
county,42075,validation
county,51015,validation
county,29105,validation
county,20081,validation
county,30007,validation
county,46043,validation
county,16015,validation
county,56035,validation
county,20011,validation
county,51079,validation
county,18057,validation
county,19197,validation
county,12035,validation
county,17189,validation
county,36077,validation
county,13215,validation
county,51185,validation
county,48331,validation
county,38017,validation
county,51089,validation
county,45091,validation
county,45015,validation
county,01079,validation
county,35009,validation
county,28049,validation
county,05037,validation
county,41033,validation
county,55125,validation
county,05133,validation
county,26099,validation
county,18081,validation
county,29083,validation
county,19009,validation
county,17149,validation
county,30065,validation
county,48477,validation
county,48351,validation
county,41043,validation
county,19151,validation
county,18035,validation
county,16085,validation
county,51191,validation
county,37045,validation
county,08059,validation
county,12017,validation
county,01023,validation
county,13153,validation
county,06033,validation
county,12073,validation
county,20065,validation
county,24009,validation
county,48443,validation
county,19113,validation
county,36067,validation
county,31135,validation
county,48327,validation
county,42039,validation
county,19003,validation
county,27009,validation
county,21093,validation
county,47049,validation
county,37157,validation
county,29003,validation
county,27135,validation
county,22033,test
county,18179,test
county,54071,test
county,47107,test
county,31037,test
county,55009,test
county,35021,test
county,27093,test
county,05027,test
county,27143,test
county,06011,test
county,13169,test
county,56033,test
county,22027,test
county,48367,test
county,36039,test
county,27023,test
county,47087,test
county,06053,test
county,30087,test
county,24013,test
county,45089,test
county,47131,test
county,55127,test
county,53027,test
county,17095,test
county,25007,test
county,12123,test
county,49039,test
county,13287,test
county,36053,test
county,47185,test
county,42009,test
county,40069,test
county,29137,test
county,18151,test
county,42131,test
county,17037,test
county,19107,test
county,48211,test
county,47115,test
county,48507,test
county,20001,test
county,08109,test
county,20195,test
county,29213,test
county,31109,test
county,40103,test
county,48059,test
county,38023,test
county,26071,test
county,21057,test
county,17013,test
county,13167,test
county,48415,test
county,16041,test
county,46129,test
county,27011,test
county,49003,test
county,33007,test
county,13271,test
county,56003,test
county,37137,test
county,45011,test
county,21145,test
county,21021,test
county,37143,test
county,55017,test
county,05147,test
county,18145,test
county,27041,test
county,30029,test
county,13019,test
county,41037,test
county,55109,test
county,45039,test
county,46097,test
county,13173,test
county,53021,test
county,47033,test
county,51017,test
county,05073,test
county,22011,test
county,42053,test
county,13213,test
county,48105,test
county,05111,test
county,21079,test
county,27151,test
county,40025,test
county,39139,test
county,20151,test
county,06109,test
county,36115,test
county,13095,test
county,19071,test
county,51145,test
county,49009,test
county,01131,test
county,20159,test
county,55119,test
county,42013,test
county,47113,test
county,53071,test
county,05085,test
county,48075,test
county,28079,test
county,16083,test
county,48321,test
county,13087,test
county,29007,test
county,20075,test
county,31031,test
county,17009,test
county,13275,test
county,48221,test
county,18117,test
county,48049,test
county,29209,test
county,55007,test
county,49025,test
county,47109,test
county,48135,test
county,18061,test
county,17003,test
county,19085,test
county,13293,test
county,18097,test
county,26091,test
county,27063,test
county,51133,test
county,26035,test
county,26043,test
county,19137,test
county,21045,test
county,31023,test
county,29175,test
county,20073,test
county,22103,test
county,46071,test
county,13193,test
county,19145,test
county,17015,test
county,16063,test
county,21173,test
county,27079,test
county,48077,test
county,35037,test
county,26081,test
county,47059,test
county,38083,test
county,18015,test
county,45007,test
county,40035,test
county,28061,test
county,27005,test
county,41001,test
county,22123,test
county,29159,test
county,37099,test
county,04017,test
county,42037,test
county,48093,test
county,13219,test
county,41013,test
county,22077,test
county,13089,test
county,06021,test
county,12053,test
county,08121,test
county,19111,test
county,39011,test
county,31069,test
county,28033,test
county,51800,test
county,20197,test
county,20175,test
county,37173,test
county,30075,test
county,53005,test
county,35039,test
county,01085,test
county,27155,test
county,21013,test
county,48147,test
county,29141,test
county,01027,test
county,29127,test
county,37097,test
county,13139,test
county,20115,test
county,22087,test
county,54045,test
county,17025,test
county,13207,test
county,38045,test
county,28101,test
county,38055,test
county,13277,test
county,12013,test
county,28037,test
county,38027,test
county,48489,test
county,46027,test
county,28029,test
county,42087,test
county,13075,test
county,48305,test
county,12091,test
county,29217,test
county,48037,test
county,08091,test
county,39129,test
county,18109,test
county,51049,test
county,30041,test
county,12011,test
county,09003,test
county,54047,test
county,19115,test
county,40055,test
county,24005,test
county,46037,test
county,48237,test
county,28017,test
county,54063,test
county,21115,test
county,37055,test
county,13007,test
county,48115,test
county,48167,test
county,19157,test
county,40049,test
county,29203,test
county,29041,test
county,06005,test
county,08071,test
county,48219,test
county,12075,test
county,29121,test
county,17167,test
county,30073,test
county,47177,test
county,48291,test
county,39021,test
county,13127,test
county,29167,test
county,51057,test
county,29225,test
county,54009,test
county,35001,test
county,21011,test
county,19153,test
county,48019,test
county,22083,test
county,25001,test
county,13023,test
county,05023,test
county,21171,test
county,42085,test
county,30005,test
county,32003,test
county,48173,test
county,38041,test
county,42107,test
county,13259,test
county,41007,test
county,21167,test
county,48361,test
county,39037,test
county,33019,test
county,19177,test
county,20033,test
county,01011,test
county,37165,test
county,05047,test
county,38081,test
county,45085,test
county,54109,test
county,22095,test
county,48471,test
county,51109,test
county,17185,test
county,54101,test
county,26133,test
county,16003,test
county,44007,test
county,26053,test
county,48259,test
county,48315,test
county,55103,test
county,13113,test
county,21205,test
county,28041,test
county,26095,test
county,55115,test
county,55141,test
county,45017,test
county,23013,test
county,48407,test
county,42061,test
county,31013,test
county,48071,test
county,39107,test
county,39039,test
county,13283,test
county,19099,test
county,38025,test
county,46102,test
county,28159,test
county,31093,test
county,42071,test
county,21135,test
county,30021,test
county,13091,test
county,28063,test
county,13149,test
county,51167,test
county,31115,test
county,21067,test
county,29163,test
county,36071,test
county,19059,test
county,08113,test
county,32027,test
county,48417,test
county,46119,test
county,50005,test
county,29189,test
county,01127,test
county,41021,test
county,13211,test
county,27081,test
county,40021,test
county,37135,test
county,48377,test
county,28115,test
county,28005,test
county,48055,test
county,16023,test
county,16039,test
county,28093,test
county,06007,test
county,56019,test
county,05065,test
county,55019,test
county,47173,test
county,29201,test
county,19169,test
county,27083,test
county,17039,test
county,13177,test
county,36097,test
county,21219,test
county,46135,test
county,29109,test
county,38077,test
county,41019,test
county,04027,test
county,01117,test
county,39171,test
county,39123,test
county,47187,test
county,45041,test
county,48005,test
county,55121,test
county,18123,test
county,39025,test
county,54089,test
county,29179,test
county,06067,test
county,55055,test
county,26013,test
county,29211,test
county,48483,test
county,51025,test
county,12027,test
county,51163,test
county,37027,test
county,51195,test
county,13251,test
county,39067,test
county,29125,test
county,33017,test
county,31129,test
county,29165,test
county,05127,test
county,12003,test
county,17173,test
county,37015,test
county,30011,test
county,48435,test
county,30027,test
county,12071,test
county,46011,test
county,18095,test
county,30051,test
county,17053,test
county,27065,test
county,08125,test
county,46111,test
county,38051,test
county,13043,test
county,26003,test
county,21189,test
county,38047,test
county,20039,test
county,26113,test
county,37145,test
county,17151,test
county,26105,test
county,48187,test
county,39159,test
county,41015,test
county,47079,test
county,17125,test
county,01105,test
county,21063,test
county,41047,test
county,05015,test
county,48347,test
county,42065,test
county,01119,test
county,48503,test
county,29173,test
county,25005,test
county,21201,test
county,28091,test
county,16043,test
county,29171,test
county,12115,test
county,37065,test
county,45079,test
county,21181,test
county,32019,test
county,48429,test
county,40125,test
county,48403,test
county,25015,test
county,10001,test
county,27007,test
county,18055,test
county,39125,test
county,53013,test
county,12065,test
county,22047,test
county,21191,test
county,36085,test
county,13185,test
county,51023,test
county,13121,test
county,26037,test
county,18059,test
county,26165,test
county,37025,test
county,51035,test
county,20101,test
county,47129,test
county,28001,test
county,12127,test
county,22013,test
county,39015,test
county,54037,test
county,40065,test
county,06013,test
county,21061,test
county,18019,test
county,19185,test
county,21105,test
county,54041,test
county,19001,test
county,20021,test
county,53067,test
county,38043,test
county,27161,test
county,26121,test
county,48373,test
county,06063,test
county,48293,test
county,48217,test
county,18131,test
county,19053,test
county,28067,test
county,10003,test
county,21119,test
county,18093,test
county,48375,test
county,24037,test
county,01075,test
county,30035,test
county,31165,test
county,26119,test
county,40073,test
county,40135,test
county,05135,test
county,36121,test
county,51083,test
county,55065,test
county,54055,test
county,21085,test
county,39031,test
county,56001,test
county,55133,test
county,13001,test
county,18031,test
county,18003,test
county,12103,test
county,36087,test
county,54001,test
county,13301,test
county,37147,test
county,21103,test
county,30071,test
county,51041,test
county,13265,test
county,33003,test
county,31003,test
county,20023,test
county,16027,test
county,06009,test
county,13065,test
county,18173,test
county,40031,test
county,47021,test
county,48493,test
county,39165,test
county,19017,test
county,36017,test
county,48309,test
county,19025,test
county,19161,test
county,20105,test
county,49023,test
county,27047,test
county,20085,test
county,54073,test
county,31087,test
county,46057,test
county,17169,test
county,06051,test
county,08023,test
county,17079,test
county,06097,test
county,42113,test
county,35019,test
county,08097,test
county,30039,test
county,39059,test
county,19173,test
county,13157,test
county,30103,test
county,01109,test
county,46123,test
county,33015,test
county,27021,test
county,16029,test
county,48295,test
county,48323,test
county,42093,test
county,35005,test
county,27037,test
county,46089,test
county,27173,test
county,28143,test
county,48029,test
county,37113,test
county,05007,test
county,21133,test
county,31017,test
county,35013,test
county,01099,test
county,53003,test
county,08063,test
county,51121,test
county,01083,test
county,45071,test
county,48481,test
county,21153,test
county,29219,test
county,56025,test
county,17175,test
county,35003,test
county,48341,test
county,26011,test
county,48103,test
county,37103,test
county,16025,test
county,21069,test
county,20129,test
county,49013,test
county,51165,test
county,35033,test
county,39121,test
county,27147,test
county,20071,test
county,46029,test
county,40083,test
county,47171,test
county,17117,test
county,45001,test
county,42049,test
county,17093,test
county,26015,test
county,47147,test
county,19129,test
county,47081,test
county,27097,test
county,42109,test
